keyword,topic_cluster,search_volume,kd,intent,click_potential_ctr,business_potential,priority_score,backlink_requirements_rd,estimated_time_to_rank,cpc,potential_monthly_traffic,potential_monthly_seo_value,run_rate_traffic_3m,run_rate_seo_value_3m,run_rate_traffic_6m,run_rate_seo_value_6m,run_rate_traffic_12m,run_rate_seo_value_12m,cumulative_traffic_3m,cumulative_seo_value_3m,cumulative_traffic_6m,cumulative_seo_value_6m,cumulative_traffic_12m,cumulative_seo_value_12m,status,wordpress_url,recommended_title
best ai marketing agent,Cluster 1: AI Marketing Agents,1400,28,commercial,0.25,3,8.1,36,3-6 months,9.5,350,3325.0,350,3325.0,350,3325.0,350,3325.0,980,9310.0,2030,19285.0,4130,39235.0,published,https://blog.meetlyra.app/best-ai-marketing-agent/,Ultimate Guide to Best AI Marketing Agent
autonomous ai marketing agent,Cluster 1: AI Marketing Agents,850,24,commercial,0.25,3,7.6,31,3-6 months,8.5,212,1802.0,106,901.0,212,1802.0,212,1802.0,159,1351.5,742,6307.0,2014,17119.0,planned,,Autonomous AI Marketing Agent: Complete Strategy Guide
ai marketing agent for startups,Cluster 1: AI Marketing Agents,450,18,commercial,0.25,3,7.6,23,1-3 months,7.2,112,806.4,101,727.2,112,806.4,112,806.4,196,1411.2,532,3830.4,1204,8668.8,planned,,AI Marketing Agents for Startups: Scale Without a Team
ai campaign management,Cluster 1: AI Marketing Agents,700,35,commercial,0.25,3,7.6,46,3-6 months,9.0,175,1575.0,175,1575.0,175,1575.0,175,1575.0,490,4410.0,1015,9135.0,2065,18585.0,published,https://blog.meetlyra.app/ai-campaign-management/,AI Campaign Management: The Modern Marketer's Playbook
ai agent for marketing execution,Cluster 1: AI Marketing Agents,320,15,commercial,0.25,3,7.6,20,1-3 months,8.0,80,640.0,72,576.0,80,640.0,80,640.0,140,1120.0,380,3040.0,860,6880.0,planned,,Choosing an AI Agent for Marketing Execution: A Practical Guide
autonomous marketing software,Cluster 1: AI Marketing Agents,600,28,commercial,0.25,3,7.6,36,3-6 months,10.5,150,1575.0,75,787.5,150,1575.0,150,1575.0,113,1186.5,525,5512.5,1425,14962.5,planned,,Autonomous Marketing Software: The Future of Growth Execution
best ai content automation,Cluster 2: AI Content & SEO Automation,1200,32,commercial,0.25,3,8.1,42,3-6 months,9.5,300,2850.0,150,1425.0,300,2850.0,300,2850.0,225,2137.5,1050,9975.0,2850,27075.0,planned,,Best AI Content Automation Tools and Strategies for 2026
ai content automation,Cluster 2: AI Content & SEO Automation,900,40,commercial,0.25,2,6.1,52,3-6 months,8.2,225,1845.0,225,1845.0,225,1845.0,225,1845.0,630,5166.0,1305,10701.0,2655,21771.0,published,https://blog.meetlyra.app/?p=3368,AI Content Automation: Scaling Organic Traffic Without Thin Content
ai blog generator for b2b,Cluster 2: AI Content & SEO Automation,500,22,commercial,0.25,3,7.6,29,3-6 months,7.8,125,975.0,62,483.6,125,975.0,125,975.0,93,725.4,437,3408.6,1187,9258.6,planned,,How to Build a High-Quality AI Blog Generator Workflow for B2B
autonomous seo content engine,Cluster 2: AI Content & SEO Automation,350,15,commercial,0.25,3,7.6,20,1-3 months,9.0,88,792.0,79,711.0,88,792.0,88,792.0,154,1386.0,418,3762.0,946,8514.0,planned,,Building an Autonomous SEO Content Engine: Step-by-Step Blueprint
generative engine optimization tools,Cluster 2: AI Content & SEO Automation,280,12,informational,0.35,3,6.8,16,1-3 months,8.5,98,833.0,88,748.0,98,833.0,98,833.0,171,1453.5,465,3952.5,1053,8950.5,planned,,Top Generative Engine Optimization Tools for Modern GEO Strategy
ai copywriting workflow automation,Cluster 2: AI Content & SEO Automation,180,10,commercial,0.25,3,7.6,13,1-3 months,6.5,45,292.5,40,260.0,45,292.5,45,292.5,78,507.0,213,1384.5,483,3139.5,planned,,AI Copywriting Workflow Automation: Save Hours of Draft Tweaking
ai campaign planning,Cluster 3: AI Campaign Planning,1500,26,commercial,0.25,3,8.1,34,3-6 months,11.0,375,4125.0,75,825.0,356,3916.0,375,4125.0,94,1034.0,938,10318.0,3188,35068.0,planned,,AI Campaign Planning: The Ultimate Guide to Autonomous Strategies
how to use ai campaign planning,Cluster 3: AI Campaign Planning,1200,20,informational,0.35,3,7.8,26,1-3 months,5.5,420,2310.0,252,1386.0,420,2310.0,420,2310.0,357,1963.5,1575,8662.5,4095,22522.5,planned,,How to Use AI Campaign Planning to Orchestrate Multi-Channel Growth
ai campaign planning software,Cluster 3: AI Campaign Planning,750,30,commercial,0.25,3,7.6,39,3-6 months,12.0,188,2256.0,38,456.0,179,2148.0,188,2256.0,47,564.0,470,5640.0,1598,19176.0,planned,,Comparing AI Campaign Planning Software: What B2B Teams Need
best ai campaign planning,Cluster 3: AI Campaign Planning,550,25,commercial,0.25,3,7.6,32,3-6 months,11.5,138,1587.0,28,322.0,131,1506.5,138,1587.0,35,402.5,345,3967.5,1173,13489.5,planned,,Best AI Campaign Planning Tools: Core Features and Integrations
autonomous campaign execution,Cluster 3: AI Campaign Planning,200,14,commercial,0.25,3,7.6,18,1-3 months,10.0,50,500.0,30,300.0,50,500.0,50,500.0,42,420.0,187,1870.0,487,4870.0,planned,,Autonomous Campaign Execution: Bridging the Gap from Plan to Launch
jasper pricing alternatives,Cluster 4: Competitor Alternatives,1800,38,transactional,0.25,2,7.0,49,3-6 months,14.0,450,6300.0,22,308.0,360,5040.0,450,6300.0,22,308.0,697,9758.0,3375,47250.0,planned,,Jasper Pricing Alternatives: Find More Value in AI Copywriting
jasper pricing,Cluster 4: Competitor Alternatives,1100,32,transactional,0.25,2,7.0,42,3-6 months,12.5,275,3437.5,275,3437.5,275,3437.5,275,3437.5,770,9625.0,1595,19937.5,3245,40562.5,published,https://blog.meetlyra.app/jasper-pricing/,Jasper Pricing Breakdowns: Is the Industry Standard Worth the Cost?
copy ai pricing alternatives,Cluster 4: Competitor Alternatives,950,28,transactional,0.25,2,6.5,36,3-6 months,11.0,238,2618.0,12,132.0,190,2090.0,238,2618.0,12,132.0,369,4059.0,1785,19635.0,planned,,Copy AI Pricing and Alternatives: Finding the Best Content Engine
writesonic vs jasper,Cluster 4: Competitor Alternatives,1400,35,commercial,0.25,2,3.6,46,3-6 months,13.5,350,4725.0,18,243.0,280,3780.0,350,4725.0,18,243.0,543,7330.5,2625,35437.5,planned,,Writesonic vs Jasper: Deep Dive Comparison for B2B Copywriting
best surferseo alternatives,Cluster 4: Competitor Alternatives,650,25,commercial,0.25,2,6.1,32,3-6 months,9.0,162,1458.0,8,72.0,130,1170.0,162,1458.0,8,72.0,251,2259.0,1215,10935.0,planned,,Best SurferSEO Alternatives: Get Better SEO Content Results
hubspot marketing hub alternatives,Cluster 4: Competitor Alternatives,500,42,commercial,0.25,2,5.7,55,6-8 months,18.0,125,2250.0,0,0.0,31,558.0,125,2250.0,0,0.0,43,774.0,686,12348.0,planned,,HubSpot Marketing Hub Alternatives for Modern Agile Startups
marketing automation for startups,Cluster 5: Marketing Automation & AI Integration,1600,35,commercial,0.25,2,6.6,46,3-6 months,12.0,400,4800.0,20,240.0,320,3840.0,400,4800.0,20,240.0,620,7440.0,3000,36000.0,planned,,Marketing Automation for Startups: Practical Guide to Scale Fast
zapier marketing automation workflows,Cluster 5: Marketing Automation & AI Integration,800,28,commercial,0.25,2,6.1,36,3-6 months,10.0,200,2000.0,10,100.0,160,1600.0,200,2000.0,10,100.0,310,3100.0,1500,15000.0,planned,,Essential Zapier Marketing Automation Workflows for High-Growth Teams
autonomous agent,Cluster 5: Marketing Automation & AI Integration,900,45,informational,0.35,1,3.4,58,6-8 months,4.5,315,1417.5,0,0.0,79,355.5,315,1417.5,0,0.0,111,499.5,1734,7803.0,planned,,What is an Autonomous Agent? Definition and Real-world Uses
topic clustering tips,Cluster 5: Marketing Automation & AI Integration,500,20,informational,0.35,1,4.3,26,1-3 months,3.0,175,525.0,44,132.0,175,525.0,175,525.0,44,132.0,482,1446.0,1532,4596.0,planned,,Advanced Topic Clustering Tips: Structuring Your Site for SEO
seo keyword research,Cluster 5: Marketing Automation & AI Integration,750,50,informational,0.35,1,3.4,65,6-8 months,6.0,262,1572.0,0,0.0,66,396.0,262,1572.0,0,0.0,92,552.0,1441,8646.0,planned,,SEO Keyword Research: How to Find the Opportunities Competitors Miss
